batch,baseline_cv_score,improved_cv_score,baseline_cv_std,improved_cv_std,baseline_time,improved_time,baseline_memory,improved_memory,baseline_significant,improved_significant,baseline_stable,improved_stable
1,0.5135730007336757,0.5027502750275027,0.01059816516508704,0.009045018609942543,12.282178163528442,18.72448706626892,10.01953125,10.67578125,0,0,0,0
2,0.5091709464416728,0.5016501650165016,0.005714512812691595,0.019948122255917508,12.618404865264893,19.361806392669678,0.14453125,0.09765625,0,0,0,0
3,0.5099046221570066,0.5073707370737074,0.03291471288914152,0.029382618314548175,12.352035999298096,19.17268657684326,0.0,0.125,0,0,0,0
4,0.5152849107361211,0.5122112211221121,0.008177184395842732,0.005592195831524247,12.409323692321777,18.621334552764893,0.125,0.0,0,0,0,0
5,0.48226950354609927,0.4765676567656766,0.007393600615226694,0.0301068576160129,12.537721633911133,18.6645827293396,-0.19921875,0.0,0,0,0,0
