{
    "batch_id": 2,
    "timestamp": "20251115_130645",
    "n_total": 6,
    "n_strong": 6,
    "n_medium": 0,
    "n_weak": 3,
    "mean_cv_score": 0.5091709464416728,
    "std_cv_score": 0.005714512812691595
}