feature,final_score
tickvol,0.63979703
close,0.54917693
high,0.42229152
low,0.41604313
spread,0.3319497
open,0.33128873
