{
    "batch_id": 4,
    "timestamp": "20251115_170732",
    "n_total": 6,
    "n_strong": 6,
    "n_medium": 0,
    "n_weak": 3,
    "mean_cv_score": 0.5152849107361211,
    "std_cv_score": 0.008177184395842732,
    "execution_time_sec": 12.409323692321777,
    "memory_used_mb": 0.125
}