{
    "batch_id": 3,
    "timestamp": "20251115_170720",
    "n_total": 6,
    "n_strong": 6,
    "n_medium": 0,
    "n_weak": 3,
    "mean_cv_score": 0.5099046221570066,
    "std_cv_score": 0.03291471288914152,
    "execution_time_sec": 12.352035999298096,
    "memory_used_mb": 0.0
}