feature,final_score
tickvol,0.7446742
close,0.50670546
high,0.4594997
low,0.45729125
open,0.36153004
spread,0.18194917
