feature,final_score
tickvol,0.7308886
close,0.59559137
high,0.406811
open,0.37665164
low,0.3579293
spread,0.23139478
