feature,final_score
tickvol,0.7138279
low,0.52064896
close,0.46403077
open,0.42079484
high,0.34124076
spread,0.31349698
