feature,final_score
tickvol,0.65114325
low,0.56432736
close,0.529932
high,0.448264
open,0.4224258
spread,0.2810539
