{
    "batch_id": 1,
    "timestamp": "20251115_122338",
    "n_total": 70,
    "n_strong": 10,
    "n_medium": 32,
    "n_weak": 28,
    "mean_cv_score": 0.900802752293578,
    "std_cv_score": 0.01089449541284404
}