feature,final_score
tickvol,0.71364766
low,0.49486944
close,0.41764256
open,0.39547068
spread,0.33999997
high,0.30017912
