{
    "batch_id": 4,
    "timestamp": "20251115_183954",
    "n_total": 6,
    "n_strong": 6,
    "n_medium": 0,
    "n_weak": 3,
    "mean_cv_score": 0.5122112211221121,
    "std_cv_score": 0.005592195831524247,
    "execution_time_sec": 19.065601348876953,
    "memory_used_mb": 0.15625
}