{
    "batch_id": 0,
    "timestamp": "20251117_144039",
    "n_total": 100,
    "n_strong": 15,
    "n_medium": 45,
    "n_weak": 40,
    "mean_cv_score": 0.14373089373111725,
    "std_cv_score": 0.2874617874622345,
    "execution_time_sec": 440.90601801872253,
    "memory_used_mb": 0.0,
    "memory_start_mb": 0.0,
    "memory_end_mb": 0.0,
    "process_pid": null
}