feature,final_score
tickvol,0.69537944
close,0.50235564
low,0.48376444
open,0.39312464
high,0.3859169
spread,0.28936034
