{
    "batch_id": 2,
    "timestamp": "20251115_170942",
    "n_total": 6,
    "n_strong": 6,
    "n_medium": 0,
    "n_weak": 3,
    "mean_cv_score": 0.5016501650165016,
    "std_cv_score": 0.019948122255917508,
    "execution_time_sec": 19.361806392669678,
    "memory_used_mb": 0.09765625
}