feature,final_score
tickvol,0.6382851
low,0.50652635
high,0.4367821
close,0.42026356
open,0.40054935
spread,0.24706222
