feature,final_score
tickvol,0.67748904
close,0.6567925
high,0.46029115
low,0.40191302
open,0.39977264
spread,0.23638777
