{
    "batch_id": 3,
    "timestamp": "20251115_090056",
    "n_total": 6,
    "n_strong": 6,
    "n_medium": 0,
    "n_weak": 3,
    "mean_cv_score": 0.5112761276127613,
    "std_cv_score": 0.01402640264026403
}