{
    "batch_id": 5,
    "timestamp": "20251115_113911",
    "n_total": 6,
    "n_strong": 6,
    "n_medium": 0,
    "n_weak": 3,
    "mean_cv_score": 0.4620462046204621,
    "std_cv_score": 0.018701870187018715
}