{
    "batch_id": 4,
    "timestamp": "20251115_122428",
    "n_total": 69,
    "n_strong": 10,
    "n_medium": 31,
    "n_weak": 28,
    "mean_cv_score": 0.908256880733945,
    "std_cv_score": 0.006880733944954143
}