{
    "batch_id": 1,
    "timestamp": "20251115_113840",
    "n_total": 6,
    "n_strong": 6,
    "n_medium": 0,
    "n_weak": 3,
    "mean_cv_score": 0.49284928492849284,
    "std_cv_score": 0.004950495049504955
}