feature,final_score
tickvol,0.7165453
close,0.5372134
high,0.43810827
low,0.4279792
open,0.40494353
spread,0.17777516
