{
    "batch_id": 3,
    "timestamp": "20251115_122411",
    "n_total": 69,
    "n_strong": 10,
    "n_medium": 31,
    "n_weak": 28,
    "mean_cv_score": 0.9030963302752293,
    "std_cv_score": 0.0063073394495412605
}