feature,final_score
low,0.6179044
tickvol,0.52606165
open,0.4399354
high,0.4135066
close,0.38436085
spread,0.17815256
