{
    "batch_id": 1,
    "timestamp": "20251115_132924",
    "n_total": 6,
    "n_strong": 6,
    "n_medium": 0,
    "n_weak": 3,
    "mean_cv_score": 0.5135730007336757,
    "std_cv_score": 0.01059816516508704,
    "execution_time_sec": 12.207692861557007,
    "memory_used_mb": 10.46484375
}