feature,final_score
tickvol,0.72707105
close,0.5294805
low,0.4062178
open,0.3780234
high,0.36853403
spread,0.24101089
