{
    "batch_id": 2,
    "timestamp": "20251115_122355",
    "n_total": 69,
    "n_strong": 10,
    "n_medium": 31,
    "n_weak": 28,
    "mean_cv_score": 0.9277522935779816,
    "std_cv_score": 0.008027522935779852
}