{
    "batch_id": 4,
    "timestamp": "20251115_130710",
    "n_total": 6,
    "n_strong": 6,
    "n_medium": 0,
    "n_weak": 3,
    "mean_cv_score": 0.5152849107361211,
    "std_cv_score": 0.008177184395842732
}