{
    "batch_id": 0,
    "timestamp": "20251117_185613",
    "n_total": 100,
    "n_strong": 15,
    "n_medium": 45,
    "n_weak": 40,
    "mean_cv_score": 0.14311926066875458,
    "std_cv_score": 0.28623852133750916,
    "execution_time_sec": 401.67342805862427,
    "memory_used_mb": 0.0,
    "memory_start_mb": 0.0,
    "memory_end_mb": 0.0,
    "process_pid": null
}