feature,final_score
tickvol,0.69062316
close,0.47449636
low,0.4652261
high,0.45323896
open,0.38206723
spread,0.20860444
