feature,final_score
tickvol,0.6478377
low,0.5611538
close,0.5530945
high,0.5206839
open,0.51386493
spread,0.23522054
