feature,final_score
tickvol,0.62517804
low,0.5872241
close,0.40810218
open,0.40322363
high,0.35904247
spread,0.24924886
